﻿id,mentioned_order,outbreak_year,country_dict_Chinese,country_dict,from_dict_Chinese,from_dict,dy,event_Chinese
1,1,1909,肯尼亚,Kenya,,,,在欧洲家猪引入肯尼亚之后，1909 年肯尼亚首次发现非洲猪瘟 
2,30,1957,葡萄牙,Portugal,西非,Western Sahara,12,在欧洲，ASF 首次于 1957 年从西非引入葡萄牙。在该疫情入侵后被扑灭，ASFV 基因 I 型在 1960 年重新出现在葡萄牙，然后蔓延到欧洲 ( 意大利，1967 年;西 班牙，1969 年;法国，1977 年;马耳他，1978 年，比利时，1985 年;和荷兰， 1986 年 )。
3,31,1967,意大利,Italy,葡萄牙,Portugal,,在欧洲，ASF 首次于 1957 年从西非引入葡萄牙。在该疫情入侵后被扑灭，ASFV 基因 I 型在 1960 年重新出现在葡萄牙，然后蔓延到欧洲 ( 意大利，1967 年;西 班牙，1969 年;法国，1977 年;马耳他，1978 年，比利时，1985 年;和荷兰， 1986 年 )。
4,32,1969,西班牙,Spain,葡萄牙,Portugal,,在欧洲，ASF 首次于 1957 年从西非引入葡萄牙。在该疫情入侵后被扑灭，ASFV 基因 I 型在 1960 年重新出现在葡萄牙，然后蔓延到欧洲 ( 意大利，1967 年;西 班牙，1969 年;法国，1977 年;马耳他，1978 年，比利时，1985 年;和荷兰， 1986 年 )。
5,37,1971,古巴,Cuba,西非,Western Sahara,,同时疫情到达了加勒比 ( 古巴，1971 年和 1980 年;多米尼加共和国， 1978 年;海地，1979 年 ) 和巴西 (1978 年 )。
6,33,1977,法国,France,葡萄牙,Portugal,,在欧洲，ASF 首次于 1957 年从西非引入葡萄牙。在该疫情入侵后被扑灭，ASFV 基因 I 型在 1960 年重新出现在葡萄牙，然后蔓延到欧洲 ( 意大利，1967 年;西 班牙，1969 年;法国，1977 年;马耳他，1978 年，比利时，1985 年;和荷兰， 1986 年 )。
7,34,1978,马其他,Malta,葡萄牙,Portugal,,在欧洲，ASF 首次于 1957 年从西非引入葡萄牙。在该疫情入侵后被扑灭，ASFV 基因 I 型在 1960 年重新出现在葡萄牙，然后蔓延到欧洲 ( 意大利，1967 年;西 班牙，1969 年;法国，1977 年;马耳他，1978 年，比利时，1985 年;和荷兰， 1986 年 )。
8,38,1978,多米尼加,Dominican Republic,古巴,Cuba,,同时疫情到达了加勒比 ( 古巴，1971 年和 1980 年;多米尼加共和国， 1978 年;海地，1979 年 ) 和巴西 (1978 年 )。
9,40,1978,巴西,Brazil,,,,同时疫情到达了加勒比 ( 古巴，1971 年和 1980 年;多米尼加共和国， 1978 年;海地，1979 年 ) 和巴西 (1978 年 )。
10,39,1979,海地,Haiti,,,,同时疫情到达了加勒比 ( 古巴，1971 年和 1980 年;多米尼加共和国， 1978 年;海地，1979 年 ) 和巴西 (1978 年 )。
11,7,1982,喀麦隆,Cameroon,,,,该地区其他国家也报告了疫情，特别是喀麦隆， 1982 年，在养猪数量翻倍后，喀麦隆就经历了非洲猪瘟的首次入侵
12,6,1985,刚果,Congo,,,,刚果民主共和国和刚果共和国在历史上曾受到感染。至少在这些国家的部分地 区，如刚果共和国报告过疣猪感染 (Plowright 等，1994 年;Saliki 等，1985 年 )，
13,35,1985,比利时,Belgium,葡萄牙,Portugal,,在欧洲，ASF 首次于 1957 年从西非引入葡萄牙。在该疫情入侵后被扑灭，ASFV 基因 I 型在 1960 年重新出现在葡萄牙，然后蔓延到欧洲 ( 意大利，1967 年;西 班牙，1969 年;法国，1977 年;马耳他，1978 年，比利时，1985 年;和荷兰， 1986 年 )。
14,36,1986,荷兰,Netherlands,葡萄牙,Portugal,,在欧洲，ASF 首次于 1957 年从西非引入葡萄牙。在该疫情入侵后被扑灭，ASFV 基因 I 型在 1960 年重新出现在葡萄牙，然后蔓延到欧洲 ( 意大利，1967 年;西 班牙，1969 年;法国，1977 年;马耳他，1978 年，比利时，1985 年;和荷兰， 1986 年 )。
15,8,1996,科特迪瓦,Ivory Coast,,,14,直到 1996 年科特迪瓦经历了第一次非洲猪瘟疫情暴发，该病在西部 非洲似乎仍局限于南塞内加尔及其邻国 ( 几内亚比绍、冈比亚和佛得角 )，紧随 其后发生疫情的国家主要是该地区有大量生猪的国家 ( 尼日利亚贝宁、多哥、 加纳和布基纳法索 )。除了科特迪瓦在一年内实现了长期扑灭，大多数国家已 经呈地方性流行，直到 2014 年新疫情的发生。
16,9,1996,南塞内加尔,Senegal,科特迪瓦,Ivory Coast,,直到 1996 年科特迪瓦经历了第一次非洲猪瘟疫情暴发，该病在西部 非洲似乎仍局限于南塞内加尔及其邻国 ( 几内亚比绍、冈比亚和佛得角 )，紧随 其后发生疫情的国家主要是该地区有大量生猪的国家 ( 尼日利亚贝宁、多哥、 加纳和布基纳法索 )。除了科特迪瓦在一年内实现了长期扑灭，大多数国家已 经呈地方性流行，直到 2014 年新疫情的发生。
17,10,1996,几内亚比绍,Guinea Bissau,科特迪瓦,Ivory Coast,,直到 1996 年科特迪瓦经历了第一次非洲猪瘟疫情暴发，该病在西部 非洲似乎仍局限于南塞内加尔及其邻国 ( 几内亚比绍、冈比亚和佛得角 )，紧随 其后发生疫情的国家主要是该地区有大量生猪的国家 ( 尼日利亚贝宁、多哥、 加纳和布基纳法索 )。除了科特迪瓦在一年内实现了长期扑灭，大多数国家已 经呈地方性流行，直到 2014 年新疫情的发生。
18,11,1996,冈比亚,Gambia,科特迪瓦,Ivory Coast,,直到 1996 年科特迪瓦经历了第一次非洲猪瘟疫情暴发，该病在西部 非洲似乎仍局限于南塞内加尔及其邻国 ( 几内亚比绍、冈比亚和佛得角 )，紧随 其后发生疫情的国家主要是该地区有大量生猪的国家 ( 尼日利亚贝宁、多哥、 加纳和布基纳法索 )。除了科特迪瓦在一年内实现了长期扑灭，大多数国家已 经呈地方性流行，直到 2014 年新疫情的发生。
19,12,1996,佛得角,Cape Verde,科特迪瓦,Ivory Coast,,直到 1996 年科特迪瓦经历了第一次非洲猪瘟疫情暴发，该病在西部 非洲似乎仍局限于南塞内加尔及其邻国 ( 几内亚比绍、冈比亚和佛得角 )，紧随 其后发生疫情的国家主要是该地区有大量生猪的国家 ( 尼日利亚贝宁、多哥、 加纳和布基纳法索 )。除了科特迪瓦在一年内实现了长期扑灭，大多数国家已 经呈地方性流行，直到 2014 年新疫情的发生。
20,13,1996,尼日利亚贝宁,Benin,,,,直到 1996 年科特迪瓦经历了第一次非洲猪瘟疫情暴发，该病在西部 非洲似乎仍局限于南塞内加尔及其邻国 ( 几内亚比绍、冈比亚和佛得角 )，紧随 其后发生疫情的国家主要是该地区有大量生猪的国家 ( 尼日利亚贝宁、多哥、 加纳和布基纳法索 )。除了科特迪瓦在一年内实现了长期扑灭，大多数国家已 经呈地方性流行，直到 2014 年新疫情的发生。
21,14,1996,多哥,Togo,,,,直到 1996 年科特迪瓦经历了第一次非洲猪瘟疫情暴发，该病在西部 非洲似乎仍局限于南塞内加尔及其邻国 ( 几内亚比绍、冈比亚和佛得角 )，紧随 其后发生疫情的国家主要是该地区有大量生猪的国家 ( 尼日利亚贝宁、多哥、 加纳和布基纳法索 )。除了科特迪瓦在一年内实现了长期扑灭，大多数国家已 经呈地方性流行，直到 2014 年新疫情的发生。
22,15,1996,加纳,Ghana,,,,直到 1996 年科特迪瓦经历了第一次非洲猪瘟疫情暴发，该病在西部 非洲似乎仍局限于南塞内加尔及其邻国 ( 几内亚比绍、冈比亚和佛得角 )，紧随 其后发生疫情的国家主要是该地区有大量生猪的国家 ( 尼日利亚贝宁、多哥、 加纳和布基纳法索 )。除了科特迪瓦在一年内实现了长期扑灭，大多数国家已 经呈地方性流行，直到 2014 年新疫情的发生。
23,16,1996,布基纳法索,Burkina Faso,,,,直到 1996 年科特迪瓦经历了第一次非洲猪瘟疫情暴发，该病在西部 非洲似乎仍局限于南塞内加尔及其邻国 ( 几内亚比绍、冈比亚和佛得角 )，紧随 其后发生疫情的国家主要是该地区有大量生猪的国家 ( 尼日利亚贝宁、多哥、 加纳和布基纳法索 )。除了科特迪瓦在一年内实现了长期扑灭，大多数国家已 经呈地方性流行，直到 2014 年新疫情的发生。
24,4,1997,马达加斯加,Madagascar,,,,1997 年 ASFV 被引入马达加斯加
25,5,2007,毛里求斯,Mauritius,,,,2007 年，毛里求斯经历了一场非洲猪瘟疫情，在随后的 2008 年即被 扑灭。
26,19,2007,格鲁吉亚,Georgia,,,,2007 年，ASF 进入格鲁吉亚。病原属于起源于非洲东南部的基因型 II 型，且很 有可能是通过废弃食物作为泔水，或做垃圾处理被猪采食。
27,20,2007,亚美尼亚,Armenia,,,,该疫病在高加索地 区迅速蔓延 (2007 年亚美尼亚和 2008 年阿塞拜疆 )，并进入俄罗斯联邦 (2007 年)。
28,22,2007,俄罗斯,Russia,亚美尼亚,Armenia,,该疫病在高加索地 区迅速蔓延 (2007 年亚美尼亚和 2008 年阿塞拜疆 )，并进入俄罗斯联邦 (2007 年)。
29,21,2008,阿塞拜疆,Azerbaijan,,,,该疫病在高加索地 区迅速蔓延 (2007 年亚美尼亚和 2008 年阿塞拜疆 )，并进入俄罗斯联邦 (2007 年)。
30,17,2009,尼日尔,Niger,,,,尼日尔和马里分别在 2009 年和 2016 年发布了第一次疫情。
31,3,2012,南非,South Africa,,,,南非的其余 地区、莱索托和斯威士兰在历史上一直都没有 ASF，尽管 2012 年，由于非法将 猪迁徙至自由区域，南非在半个多世纪以来首次在控制区以外出现疫情
32,24,2013,白俄罗斯,Belarus,俄罗斯,Russia,,在过去的几年里疫病逐渐向西蔓延，进入乌克兰(2012年)、白俄罗斯(2013 年 )、欧盟 ( 立陶宛、波兰、拉脱维亚和爱沙尼亚，2014 年 ) 以及摩尔多瓦 (2016 年 )( 图 6)。
33,25,2014,立陶宛,Lithuania,,,,在过去的几年里疫病逐渐向西蔓延，进入乌克兰(2012年)、白俄罗斯(2013 年 )、欧盟 ( 立陶宛、波兰、拉脱维亚和爱沙尼亚，2014 年 ) 以及摩尔多瓦 (2016 年 )( 图 6)。
34,26,2014,波兰,Poland,,,,在过去的几年里疫病逐渐向西蔓延，进入乌克兰(2012年)、白俄罗斯(2013 年 )、欧盟 ( 立陶宛、波兰、拉脱维亚和爱沙尼亚，2014 年 ) 以及摩尔多瓦 (2016 年 )( 图 6)。
35,27,2014,拉脱维亚,Latvia,,,,在过去的几年里疫病逐渐向西蔓延，进入乌克兰(2012年)、白俄罗斯(2013 年 )、欧盟 ( 立陶宛、波兰、拉脱维亚和爱沙尼亚，2014 年 ) 以及摩尔多瓦 (2016 年 )( 图 6)。
36,28,2014,爱沙尼亚,Estonia,,,,在过去的几年里疫病逐渐向西蔓延，进入乌克兰(2012年)、白俄罗斯(2013 年 )、欧盟 ( 立陶宛、波兰、拉脱维亚和爱沙尼亚，2014 年 ) 以及摩尔多瓦 (2016 年 )( 图 6)。
37,2,2015,津巴布韦 ,Zimbabwe,,,,在 20 多年未发现疫情后，2015 年，津巴布韦首次报告在放养的生猪中发生的疫情
38,18,2016,马里,Mali,,,,尼日尔和马里分别在 2009 年和 2016 年发布了第一次疫情。
39,29,2016,摩尔多瓦,Moldova,,,,在过去的几年里疫病逐渐向西蔓延，进入乌克兰(2012年)、白俄罗斯(2013 年 )、欧盟 ( 立陶宛、波兰、拉脱维亚和爱沙尼亚，2014 年 ) 以及摩尔多瓦 (2016 年 )( 图 6)。
40,23,2018,乌克兰,Ukraine,,,,在过去的几年里疫病逐渐向西蔓延，进入乌克兰(2012年)、白俄罗斯(2013 年 )、欧盟 ( 立陶宛、波兰、拉脱维亚和爱沙尼亚，2014 年 ) 以及摩尔多瓦 (2016 年 )( 图 6)。
41,41,2018,中国,China,俄罗斯,Russia,,